run,test set,seen in training,n,kappa,accuracy,macro_f1,sensitivity,specificity,auc
r0_oldchain_256,aptos,seen,504,0.8806,0.7698,0.6412,0.9764,0.988,0.9959
r0_oldchain_256,ddr,UNSEEN,1855,0.5282,0.6248,0.3947,0.4209,0.9782,0.866
r0_oldchain_256,idrid,UNSEEN,446,0.7845,0.5717,0.4797,0.956,0.8125,0.971
r0_oldchain_256,messidor,UNSEEN,1729,0.4949,0.6275,0.3672,0.2975,0.9615,0.7008
r1_v2_256,aptos,seen,504,0.9014,0.8234,0.6933,0.9961,0.972,0.9968
r1_v2_256,ddr,UNSEEN,1855,0.5727,0.6092,0.4059,0.4925,0.9804,0.8959
r1_v2_256,idrid,UNSEEN,446,0.7218,0.4978,0.4197,0.9686,0.8281,0.9805
r1_v2_256,messidor,UNSEEN,1729,0.4993,0.6136,0.3561,0.3115,0.9753,0.7376
r1b_v2prep_v1aug_256,aptos,seen,504,0.8829,0.7937,0.6329,1.0,0.972,0.9973
r1b_v2prep_v1aug_256,ddr,UNSEEN,1855,0.5733,0.5871,0.3939,0.5321,0.9532,0.8445
r1b_v2prep_v1aug_256,idrid,UNSEEN,446,0.6759,0.4013,0.3667,0.9874,0.4141,0.9385
r1b_v2prep_v1aug_256,messidor,UNSEEN,1729,0.5358,0.55,0.3266,0.6355,0.7858,0.7831
r2_v2_448,aptos,seen,504,0.884,0.8095,0.6778,1.0,0.972,0.9974
r2_v2_448,ddr,UNSEEN,1855,0.6246,0.6038,0.3819,0.5438,0.9848,0.9159
r2_v2_448,idrid,UNSEEN,446,0.7512,0.5067,0.4587,0.9717,0.7969,0.988
r2_v2_448,messidor,UNSEEN,1729,0.584,0.6119,0.3449,0.4832,0.9576,0.8127
r3_v2_448_multi,aptos,seen,504,0.8988,0.8135,0.7021,1.0,0.94,0.9942
r3_v2_448_multi,ddr,seen,1855,0.8795,0.8399,0.6959,0.9113,0.914,0.9722
r3_v2_448_multi,idrid,UNSEEN,446,0.7449,0.4709,0.4422,0.9969,0.4141,0.9125
r3_v2_448_multi,messidor,UNSEEN,1729,0.6341,0.6507,0.5172,0.7961,0.7453,0.8444
s2_resnet_v3_448,aptos,seen,504,0.9135,0.8313,0.7121,0.9961,0.972,0.9964
s2_resnet_v3_448,ddr,UNSEEN,1855,0.6315,0.6097,0.4385,0.61,0.9554,0.9023
s2_resnet_v3_448,idrid,UNSEEN,446,0.7607,0.5112,0.4455,0.9717,0.8047,0.9825
s2_resnet_v3_448,messidor,UNSEEN,1729,0.6033,0.6304,0.3691,0.5587,0.926,0.8342
c2_convnext_v3_448,aptos,seen,504,0.8738,0.8095,0.6698,0.9961,0.988,0.9992
c2_convnext_v3_448,ddr,UNSEEN,1855,0.62,0.6016,0.3765,0.5288,0.9891,0.9058
c2_convnext_v3_448,idrid,UNSEEN,446,0.7767,0.5695,0.4794,0.9371,0.9453,0.9837
c2_convnext_v3_448,messidor,UNSEEN,1729,0.6065,0.6414,0.3811,0.4511,0.9911,0.8567
s3_resnet_v3_448_multi,aptos,seen,504,0.8921,0.8155,0.6881,1.0,0.952,0.9932
s3_resnet_v3_448_multi,ddr,seen,1855,0.864,0.8394,0.6883,0.891,0.9336,0.9677
s3_resnet_v3_448_multi,idrid,UNSEEN,446,0.8114,0.5942,0.5295,0.9937,0.625,0.9457
s3_resnet_v3_448_multi,messidor,UNSEEN,1729,0.6289,0.6403,0.472,0.7304,0.8085,0.8399
c3_convnext_v3_448_multi,aptos,seen,504,0.9061,0.8433,0.7132,1.0,0.968,0.9938
c3_convnext_v3_448_multi,ddr,seen,1855,0.9053,0.8658,0.7274,0.9306,0.926,0.9781
c3_convnext_v3_448_multi,idrid,UNSEEN,446,0.8079,0.5605,0.5119,1.0,0.5547,0.8665
c3_convnext_v3_448_multi,messidor,UNSEEN,1729,0.667,0.6599,0.4731,0.7835,0.7887,0.8627
e2_resnet_v4_448,aptos,seen,504,0.8736,0.752,0.5958,0.9921,0.972,0.995
e2_resnet_v4_448,ddr,UNSEEN,1855,0.541,0.5881,0.3782,0.5139,0.9717,0.8839
e2_resnet_v4_448,idrid,UNSEEN,446,0.7651,0.5471,0.4257,0.9119,0.9453,0.9841
e2_resnet_v4_448,messidor,UNSEEN,1729,0.5312,0.6345,0.3537,0.398,0.9763,0.8051
e3_resnet_v4_448_multi,aptos,seen,504,0.8938,0.8115,0.6722,1.0,0.96,0.9966
e3_resnet_v4_448_multi,ddr,seen,1855,0.8496,0.8291,0.669,0.8622,0.9445,0.9646
e3_resnet_v4_448_multi,idrid,UNSEEN,446,0.8161,0.6121,0.5301,0.9874,0.7266,0.9738
e3_resnet_v4_448_multi,messidor,UNSEEN,1729,0.6941,0.7004,0.4762,0.676,0.9161,0.8484
o3_resnet_v3_448_multi_single,aptos,seen,504,0.9015,0.7698,0.5578,1.0,0.944,0.9838
o3_resnet_v3_448_multi_single,ddr,seen,1855,0.8558,0.7542,0.5614,0.8921,0.8912,0.9336
o3_resnet_v3_448_multi_single,idrid,UNSEEN,446,0.8006,0.6278,0.5224,0.9937,0.7031,0.8673
o3_resnet_v3_448_multi_single,messidor,UNSEEN,1729,0.6315,0.6212,0.4246,0.7332,0.7345,0.7728
