dataset_a,id_a,grade_a,dataset_b,id_b,grade_b,exact,phash_dist,cosine,ncc
aptos,00cb6555d108,1,aptos,ca25745942b0,1,True,0,1.0,1.0
aptos,012a242ac6ff,2,aptos,1f07dae3cadb,2,True,0,1.0,1.0
aptos,0161338f53cc,2,aptos,cac40227d3b2,2,True,0,1.0,1.0
aptos,0243404e8a00,4,aptos,3b018e8b7303,3,False,2,0.998,0.9994
aptos,0243404e8a00,4,aptos,3ddb86eb530e,2,False,2,0.9987,0.9994
aptos,026dcd9af143,2,aptos,98e8adcf085c,2,True,0,1.0,1.0
aptos,034cb07a550f,4,aptos,c8d2d32f7f29,4,True,0,1.0,1.0
aptos,04ac765f91a1,1,aptos,3044022c6969,1,True,0,1.0,1.0
aptos,05a5183c92d0,1,aptos,63a03880939c,1,True,0,1.0,1.0
aptos,07419eddd6be,2,aptos,81b0a2651c45,2,True,0,1.0,1.0
aptos,0ac436400db4,2,aptos,fda39982a810,3,True,0,1.0,1.0
aptos,0b8bdec9d869,0,aptos,5b1c4cefeb24,0,False,8,0.9716,0.6859
aptos,0b8bdec9d869,0,aptos,8433a032b96c,0,False,8,0.9832,0.7004
aptos,0c7e82daf5a0,2,aptos,3e86335bc2fd,2,True,0,1.0,1.0
aptos,0cae727cf119,0,aptos,ccea49708830,0,False,8,0.9891,0.6795
aptos,0cb14014117d,3,aptos,4a44cc840ebe,2,True,0,1.0,1.0
aptos,0dce95217626,1,aptos,94372043d55b,1,True,0,1.0,1.0
aptos,0e43c8298fc0,0,aptos,18cde9649e90,0,False,8,0.9746,0.7486
aptos,0e43c8298fc0,0,aptos,be6cbf6e5b10,0,False,8,0.9528,0.6813
aptos,1006345f70b7,2,aptos,435d900fa7b2,2,True,0,1.0,1.0
aptos,111898ab463d,1,aptos,33105f9b3a04,1,True,0,1.0,1.0
aptos,11242a67122d,4,aptos,65c958379680,4,True,0,1.0,1.0
aptos,12e3f5f2cb17,1,aptos,d567a1a22d33,1,True,0,1.0,1.0
aptos,135575dc57c9,2,aptos,2c2aa057afc5,2,True,0,1.0,1.0
aptos,1411c8ab7161,2,aptos,8acffaf1f4b9,2,True,0,1.0,1.0
aptos,144b01e7b993,2,aptos,1e143fa3de57,2,True,0,1.0,1.0
aptos,14515b8f19b6,2,aptos,ba2624883599,2,True,0,1.0,1.0
aptos,14e3f84445f7,3,aptos,f0f89314e860,4,True,0,1.0,1.0
aptos,1632c4311fc9,2,aptos,a75bab2463d4,1,True,0,1.0,1.0
aptos,1638404f385c,4,aptos,576e189d23d4,4,True,0,1.0,1.0
aptos,16ce555748d8,4,aptos,4d9fc85a8259,3,False,0,0.9999,0.9999
aptos,1864d3411143,0,aptos,8433a032b96c,0,False,8,0.9718,0.7628
aptos,1864d3411143,0,aptos,94145d1f42cf,0,False,8,0.9818,0.7383
aptos,19722bff5a09,1,aptos,19e350c7c83c,1,True,0,1.0,1.0
aptos,1a1b4b2450ca,2,aptos,92b0d27fc0ec,2,True,0,1.0,1.0
aptos,1ae8c165fd53,2,aptos,5a36cea278ae,2,True,0,1.0,1.0
aptos,1b4625877527,2,aptos,86b3a7929bec,2,True,0,1.0,1.0
aptos,1c4d87baaffc,2,aptos,35aa7f5c2ec0,1,True,0,1.0,1.0
aptos,1c5e6cdc7ee1,2,aptos,3c53198519f7,2,True,0,1.0,1.0
aptos,1c6d119c3d70,2,aptos,a56230242a95,2,True,0,1.0,1.0
aptos,1c9c583c10bf,0,aptos,ea15a290eb96,1,True,0,1.0,1.0
aptos,1cb814ed6332,2,aptos,a7b0d0c51731,2,True,0,1.0,1.0
aptos,1df0431bfa73,0,aptos,7e70344b0c25,0,False,6,0.9129,0.6905
aptos,1dfbede13143,2,aptos,38fe9f854046,2,True,0,1.0,1.0
aptos,1e8a1fdee5b9,1,aptos,a47432cd41e7,1,True,0,1.0,1.0
aptos,1e8a1fdee5b9,1,aptos,b8ebedd382de,1,True,0,1.0,1.0
aptos,1e9224ccca95,4,aptos,f6f3ea0d2693,4,True,0,1.0,1.0
aptos,1ee1eb7943db,2,aptos,c2d2b4f536da,2,True,0,1.0,1.0
aptos,22895c89792f,4,aptos,bd5013540a13,4,True,0,1.0,1.0
aptos,2399d68d407f,0,aptos,d26bb2ed6e71,0,False,8,0.9807,0.755
aptos,23d7ca170bdb,2,aptos,ea9e0fb6fb0b,2,True,0,1.0,1.0
aptos,26e231747848,2,aptos,36ec36c301c1,2,True,0,1.0,1.0
aptos,278aa860dffd,1,aptos,f066db7a2efe,0,True,0,1.0,1.0
aptos,2923971566fe,0,aptos,badb5ff8d3c7,0,True,0,1.0,1.0
aptos,2a3a1ed1c285,2,aptos,2b21d293fdf2,2,True,0,1.0,1.0
aptos,2cceb07ff706,2,aptos,8a759f94613a,2,True,0,1.0,1.0
aptos,2df07eb5779f,4,aptos,b91ef82e723a,2,True,0,1.0,1.0
aptos,2f284b6a1940,4,aptos,bb5083fae98f,3,False,2,1.0,0.9998
aptos,2f7789c1e046,4,aptos,a8e88d4891c4,3,True,0,1.0,1.0
aptos,30cab14951ac,1,aptos,c546670d9684,0,True,0,1.0,1.0
aptos,33778d136069,3,aptos,4ccfa0b4e96c,4,False,0,0.9998,0.9999
aptos,3435fd8675a2,3,aptos,c62585bd68fb,4,False,2,0.9999,0.9999
aptos,36041171f441,1,aptos,595446774178,1,True,0,1.0,1.0
aptos,36677b70b1ef,1,aptos,7bf981d9c7fe,1,True,0,1.0,1.0
aptos,38487e1a5b1f,2,aptos,b376def52ccc,2,True,0,1.0,1.0
aptos,3a1d3ce00f0c,2,aptos,a19507501b40,2,True,0,1.0,1.0
aptos,3ac92ac3d65a,0,aptos,b6d9974443ce,0,False,8,0.9286,0.6823
aptos,3b018e8b7303,3,aptos,3ddb86eb530e,2,False,0,0.9996,0.9999
aptos,3b4a5fcbe5e0,4,aptos,3ca637fddd56,4,True,0,1.0,1.0
aptos,3cd801ffdbf0,2,aptos,7525ebb3434d,3,True,0,1.0,1.0
aptos,3dbfbc11e105,2,aptos,d0079cc188e9,3,True,0,1.0,1.0
aptos,3ee4841936ef,4,aptos,7005be54cab1,1,True,0,1.0,1.0
aptos,3f44d749cd0b,0,aptos,f9e1c439d4c8,0,True,0,1.0,1.0
aptos,3fd7df6099e3,2,aptos,a3b2e93d058b,2,True,0,1.0,1.0
aptos,3fe282197c1c,0,aptos,7d48f8cdfb69,0,False,8,0.99,0.8068
aptos,40dd4e6e4444,0,aptos,c947bb6cf9f6,0,False,8,0.9322,0.7117
aptos,40e9b5630438,1,aptos,77a9538b8362,1,True,0,1.0,1.0
aptos,42985aa2e32f,0,aptos,6165081b9021,1,True,0,1.0,1.0
aptos,42a850acd2ac,2,aptos,51131b48f9d4,1,True,0,1.0,1.0
aptos,42a850acd2ac,2,aptos,8cb6b0efaaac,2,True,0,1.0,1.0
aptos,43fb6eda9b97,2,aptos,e4e343eaae2a,2,True,0,1.0,1.0
aptos,46cdc8b685bd,4,aptos,e4151feb8443,2,True,0,1.0,1.0
aptos,48c49f662f7d,2,aptos,6cb98da77e3e,2,True,0,1.0,1.0
aptos,4c5ab774a381,0,aptos,be6cbf6e5b10,0,False,8,0.9876,0.7677
aptos,4c5ab774a381,0,aptos,ea4ce9516144,0,False,8,0.9617,0.8098
aptos,4ce74e5eb51d,2,aptos,c68dfa021d62,2,True,0,1.0,1.0
aptos,4d7d6928534a,1,aptos,94b1d8ad35ec,1,True,0,1.0,1.0
aptos,4ec7796df40e,0,aptos,5b1c4cefeb24,0,False,8,0.9498,0.8368
aptos,4fecf87184e6,3,aptos,9bf060db8376,3,True,0,1.0,1.0
aptos,4fecf87184e6,3,aptos,f7edc074f06b,2,True,0,1.0,1.0
aptos,51131b48f9d4,1,aptos,8cb6b0efaaac,2,True,0,1.0,1.0
aptos,521d3e264d71,2,aptos,fe0fc67c7980,3,True,0,1.0,1.0
aptos,530d78467615,2,aptos,c1c8550508e0,2,True,0,1.0,1.0
aptos,5b1c4cefeb24,0,aptos,7e70344b0c25,0,False,8,0.9684,0.7388
aptos,5b1c4cefeb24,0,aptos,8433a032b96c,0,False,6,0.9851,0.7925
aptos,5b1c4cefeb24,0,aptos,fe06dad6851c,0,False,8,0.943,0.7133
aptos,5b2648ad455e,0,aptos,aeab0a63bcaf,0,False,8,0.9952,0.7342
aptos,5b76117c4bcb,4,aptos,e037643244b7,4,True,0,1.0,1.0
aptos,5dc23e440de3,2,aptos,f4d3777f2710,2,True,0,1.0,1.0
aptos,5e7db41b3bee,4,aptos,a1b12fdce6c3,2,True,0,1.0,1.0
aptos,5eb311bcb5f9,2,aptos,a9e984b57556,3,True,0,1.0,1.0
aptos,60f15dd68d30,4,aptos,772af553b8b7,3,False,0,0.9999,0.9999
aptos,60f15dd68d30,4,aptos,fcc6aa6755e6,3,True,0,1.0,1.0
aptos,6253f23229b1,3,aptos,76cfe8967f7d,2,True,0,1.0,1.0
aptos,64678182d8a8,1,aptos,6b00cb764237,1,True,0,1.0,1.0
aptos,65e51e18242b,1,aptos,cc12453ea915,1,True,0,1.0,1.0
aptos,67ed8cc78b97,0,aptos,c373b73a80c8,0,False,6,0.9959,0.7186
aptos,68332fdcaa70,1,aptos,d801c0a66738,1,True,0,1.0,1.0
aptos,6c3745a222da,4,aptos,eadc57064154,4,True,0,1.0,1.0
aptos,6e92b1c5ac8e,3,aptos,9c52b87d01f1,3,True,0,1.0,1.0
aptos,71c1a3cdbe47,1,aptos,79ce83c07588,1,True,0,1.0,1.0
aptos,7550966ef777,2,aptos,8d7bb0649a02,2,True,0,1.0,1.0
aptos,75a7bc945b7d,2,aptos,98104c8c67eb,2,True,0,1.0,1.0
aptos,7635921c5efb,0,aptos,898f0bc8acfa,0,False,8,0.979,0.6974
aptos,7635921c5efb,0,aptos,daff5427c9b2,0,False,8,0.9812,0.7066
aptos,772af553b8b7,3,aptos,fcc6aa6755e6,3,False,0,0.9999,0.9999
aptos,77e15f213b04,0,aptos,ad944bd56bb6,0,False,8,0.9642,0.6725
aptos,7877be80901c,2,aptos,ee2c2a5f7d0e,2,True,0,1.0,1.0
aptos,7a0cff4c24b2,2,aptos,86baef833ae0,2,True,0,1.0,1.0
aptos,7a3ea1779b13,1,aptos,a8582e346df0,1,True,0,1.0,1.0
aptos,7a3ea1779b13,1,aptos,c027e5482e8c,1,True,0,1.0,1.0
aptos,7a3ea1779b13,1,aptos,ca6842bfcbc9,1,True,0,1.0,1.0
aptos,7b691d9ced34,0,aptos,d51c2153d151,0,True,0,1.0,1.0
aptos,7d11dbc1e738,0,aptos,f2f569a64949,0,False,8,0.9067,0.7546
aptos,7d261f986bef,2,aptos,91cbe1c775ef,2,True,0,1.0,1.0
aptos,7e160c8b611e,3,aptos,91b6ebaa3678,3,True,0,1.0,1.0
aptos,7e70344b0c25,0,aptos,db6207e62c7b,0,False,8,0.979,0.6699
aptos,7e70344b0c25,0,aptos,f42b693a9414,0,False,8,0.9898,0.7176
aptos,80964d8e0863,4,aptos,ab50123abadb,2,True,0,1.0,1.0
aptos,80d24897669f,1,aptos,fea14b3d44b0,1,True,0,1.0,1.0
aptos,80feb1f7ca5e,2,aptos,878a3a097436,2,True,0,1.0,1.0
aptos,840527bc6628,2,aptos,857002ed4e49,2,True,0,1.0,1.0
aptos,8433a032b96c,0,aptos,94145d1f42cf,0,False,8,0.9807,0.789
aptos,8433a032b96c,0,aptos,fe06dad6851c,0,False,8,0.9692,0.7263
aptos,8446826853d0,2,aptos,8ef2eb8c51c4,1,True,0,1.0,1.0
aptos,8688f3d0fcaf,3,aptos,bfefa7344e7d,4,False,0,0.9999,0.9995
aptos,8688f3d0fcaf,3,aptos,d85ea1220a03,4,False,0,0.9999,0.9995
aptos,8fc09fecd22f,1,aptos,d1cad012a254,1,True,0,1.0,1.0
aptos,906d02fb822d,0,aptos,a4012932e18d,0,True,0,1.0,1.0
aptos,94145d1f42cf,0,aptos,be7f791a7877,0,False,8,0.9906,0.6847
aptos,94145d1f42cf,0,aptos,ee3f5cf52188,0,False,8,0.9904,0.7269
aptos,98f7136d2e7a,2,aptos,e740af6ac6ea,4,True,0,1.0,1.0
aptos,9a3c03a5ad0f,2,aptos,f03d3c4ce7fb,4,True,0,1.0,1.0
aptos,9a56cfb980ec,0,aptos,ae2e888905ba,0,False,8,0.9797,0.6938
aptos,9b32e8ef0ca0,2,aptos,a15652b22ab8,2,True,0,1.0,1.0
aptos,9b418ce42c13,2,aptos,be161517d3ac,2,True,0,1.0,1.0
aptos,9b7b6e4db1d5,2,aptos,9f4132bd6ed6,2,True,0,1.0,1.0
aptos,9bf060db8376,3,aptos,f7edc074f06b,2,True,0,1.0,1.0
aptos,9c5dd3612f0c,2,aptos,c9f0dc2c8b43,2,True,0,1.0,1.0
aptos,9e3510963315,4,aptos,b187b3c93afb,2,True,0,1.0,1.0
aptos,9f1efb799b7b,2,aptos,cd4e7f9fa1a9,2,True,0,1.0,1.0
aptos,a47432cd41e7,1,aptos,b8ebedd382de,1,True,0,1.0,1.0
aptos,a505981d1cab,2,aptos,d994203deb64,2,True,0,1.0,1.0
aptos,a8582e346df0,1,aptos,c027e5482e8c,1,True,0,1.0,1.0
aptos,a8582e346df0,1,aptos,ca6842bfcbc9,1,True,0,1.0,1.0
aptos,a8b637abd96b,0,aptos,e2c3b037413b,0,True,0,1.0,1.0
aptos,aca88f566228,2,aptos,c05b7b4c22fe,2,True,0,1.0,1.0
aptos,ae61e19fb766,0,aptos,ee3f5cf52188,0,False,8,0.9792,0.6697
aptos,aeed1f251ceb,4,aptos,c0e509786f7f,4,True,0,1.0,1.0
aptos,b019a49787c1,3,aptos,e1fb532f55df,3,False,0,0.9998,0.9999
aptos,b06dabab4f09,2,aptos,d144144a2f3f,2,True,0,1.0,1.0
aptos,b13d72ceea26,2,aptos,da0a1043abf7,2,True,0,1.0,1.0
aptos,b8ac328009e0,2,aptos,ff0740cb484a,2,True,0,1.0,1.0
aptos,b9127e38d9b9,2,aptos,e39b627cf648,4,True,0,1.0,1.0
aptos,ba735b286d62,4,aptos,ed3a0fc5b546,4,True,0,1.0,1.0
aptos,bacfb1029f6b,1,aptos,e12d41e7b221,2,True,0,1.0,1.0
aptos,bb7e0a2544cd,3,aptos,e76a9cbb2a8c,3,True,0,1.0,1.0
aptos,bcdc8db5423b,2,aptos,f920ccd926db,2,True,0,1.0,1.0
aptos,be6cbf6e5b10,0,aptos,ea4ce9516144,0,False,8,0.9598,0.6735
aptos,be7f791a7877,0,aptos,ccea49708830,0,False,8,0.9614,0.6769
aptos,bfefa7344e7d,4,aptos,d85ea1220a03,4,True,0,1.0,1.0
aptos,c027e5482e8c,1,aptos,ca6842bfcbc9,1,True,0,1.0,1.0
aptos,ca0f1a17c8e5,2,aptos,ea05c22d92e9,2,True,0,1.0,1.0
aptos,ca891d37a43c,2,aptos,dc3c0d8ee20b,2,True,0,1.0,1.0
aptos,cd3fd04d72f5,2,aptos,d81b6ed83bc2,2,True,0,1.0,1.0
aptos,cd93a472e5cd,4,aptos,d035c2bd9104,3,False,2,0.9999,0.9997
aptos,ce887b196c23,2,aptos,e7a7187066ad,2,True,0,1.0,1.0
aptos,d28bd830c171,2,aptos,f9ecf1795804,2,True,0,1.0,1.0
aptos,d51b3fe0fa1b,4,aptos,df4913ca3712,4,True,0,1.0,1.0
aptos,d6f36ec5564a,0,aptos,daff5427c9b2,0,False,8,0.9665,0.9027
aptos,e8d1c6c07cf2,3,aptos,f23902998c21,2,True,0,1.0,1.0
aptos,f1a761c68559,2,aptos,ff52392372d3,2,True,0,1.0,1.0
aptos,f42b693a9414,0,aptos,f7508f14dd7b,0,False,8,0.9221,0.687
