local photos,seed,kappa shipped,kappa recalibrated,sensitivity shipped,sensitivity recalibrated,specificity shipped,specificity recalibrated,cuts,alarm threshold
100,0,0.5869796157834914,0.691661928045283,0.484531098936513,0.9087979374798582,0.9713642213642214,0.4747425997425997,"[0.24, 0.34, 2.18, 2.58]",0.05490535497665405
100,1,0.5880395449218334,0.6815292766954653,0.4840476957782791,0.8852723171124718,0.9713642213642214,0.5575933075933076,"[0.16, 0.66, 1.24, 3.7]",0.05904185771942139
100,2,0.586304204455539,0.7029743116811635,0.4843699645504351,0.9089590718659362,0.971042471042471,0.47490347490347495,"[0.32, 1.12, 1.76, 2.98]",0.05488884449005127
100,3,0.586567244843133,0.6964892575094934,0.48420883016435706,0.9279729294231389,0.9716859716859717,0.41859716859716856,"[0.2, 1.2, 2.36, 3.24]",0.05227166414260864
100,4,0.5876504881014268,0.6914075585944139,0.485497905252981,0.9076699967773123,0.971042471042471,0.4794079794079794,"[0.18, 0.58, 1.06, 2.9]",0.05507385730743408
250,0,0.5854699341696042,0.6956772030869469,0.4837709998368945,0.8933289838525525,0.9711773326819736,0.532486565705911,"[0.22, 0.98, 2.62, 2.64]",0.057627320289611816
250,1,0.5889182392822114,0.7053696607257913,0.48474963301255913,0.8871309737400098,0.9711773326819736,0.5477935189708516,"[0.2, 0.52, 1.6, 2.74]",0.05853676795959473
250,2,0.5856182382996666,0.6983419865101084,0.4840972108954494,0.920404501712608,0.9708516528252727,0.43852792704771215,"[0.36, 1.12, 1.5, 3.0]",0.05326187610626221
250,3,0.5871580873584051,0.7041699368904577,0.48442342195400423,0.9282335671179253,0.971665852467025,0.418498615860609,"[0.2, 0.72, 2.26, 2.92]",0.05227166414260864
250,4,0.5868795419750765,0.685268060832976,0.4849127385418366,0.8962648833795466,0.9711773326819736,0.5225533300765348,"[0.46, 0.82, 2.68, 3.04]",0.057241618633270264
500,0,0.5863828412725166,0.7055442162945227,0.48568098568098567,0.9074259074259075,0.9717420212765957,0.4822140957446809,"[0.22, 0.98, 2.2, 2.74]",0.05514955520629883
500,1,0.5890111257404165,0.7060239971295356,0.4843489843489843,0.9012654012654012,0.9720744680851063,0.5103058510638299,"[0.34, 0.62, 1.94, 2.74]",0.056429147720336914
500,2,0.5853007821407155,0.6953571406233647,0.4843489843489843,0.9209124209124209,0.9705784574468085,0.43899601063829785,"[0.26, 1.2, 1.3, 3.0]",0.05326187610626221
500,3,0.5874303656124666,0.706504485580875,0.48418248418248416,0.9232434232434232,0.972406914893617,0.4316821808510638,"[0.2, 0.68, 2.16, 2.66]",0.052960991859436035
500,4,0.5853763419189266,0.7077854781447999,0.4846819846819847,0.8831168831168831,0.9705784574468085,0.5669880319148937,"[0.2, 0.58, 2.1, 3.1]",0.059586405754089355
1000,0,0.5832287020246761,0.7066037885275058,0.48262682418346076,0.8992355802640722,0.9722511272979535,0.516649323621228,"[0.22, 0.98, 2.2, 3.1]",0.05668073892593384
1000,1,0.5906783562112439,0.712962591764705,0.4855802640722724,0.9060111188325226,0.9731182795698925,0.49427679500520294,"[0.2, 0.66, 1.94, 3.3]",0.05551862716674805
1000,2,0.5852889920128398,0.7026139085458092,0.48488533703961084,0.9249478804725504,0.971037114117239,0.4325355532431495,"[0.22, 1.12, 2.24, 3.0]",0.052814602851867676
1000,3,0.5870209129768252,0.7059474195235733,0.4834954829742877,0.9134815844336345,0.9722511272979535,0.4630593132154006,"[0.28, 0.62, 2.2, 2.68]",0.05436497926712036
1000,4,0.586343571112506,0.7044592288320652,0.48610145934676857,0.8834259902710215,0.9705168227540756,0.5584460631286854,"[0.3, 0.52, 1.98, 3.18]",0.05909717082977295
